Date,ID,Title,URL
1685041589.0,13rqbgz,STOP USING PYTHON üò°üò°üò°,https://i.redd.it/yo7dbdorh22b1.jpg
1725813422.0,1fc2100,Python taking a dump,https://v.redd.it/qqlz8z0d5mnd1
1714518621.0,1ch6tfk,Why is Python so popular?,https://www.reddit.com/r/learnprogramming/comments/1ch6tfk/why_is_python_so_popular/
1707664051.0,1aoa0l4,Learning Python 2024,https://www.reddit.com/r/learnpython/comments/1aoa0l4/learning_python_2024/
1729267507.0,1g6lrg4,Removing pythons from well,https://v.redd.it/pu7jqhjzfjvd1
1717898852.0,1dbivem,Python is awesome but‚Ä¶,https://www.reddit.com/r/learnprogramming/comments/1dbivem/python_is_awesome_but/
1716324235.0,1cxia53,Where can i learn Python for free? ,https://www.reddit.com/r/learnprogramming/comments/1cxia53/where_can_i_learn_python_for_free/
1736044235.0,1htvd91,A team of vets pulls an entire beach towel out of a python in Australia,https://v.redd.it/7ieyylln63be1
1728910540.0,1g3f2qf,pythonIsOlderThanJava,https://i.redd.it/kaur6iroypud1.jpeg
1725319908.0,1f7law1,John Cleese ‚Äûruins‚Äú Monty Python,https://i.redd.it/h1g38q4wdhmd1.jpeg
1730245001.0,1gf8wff,A banana ball python that looks just like an overripe banana - quite rare even for banana ball python,https://i.redd.it/019gk2fp6sxd1.png
1717499213.0,1d7ug7p,pythonIsTheFuture,https://i.redd.it/ixe5vqssej4d1.png
1735039512.0,1hlbnty,justSayPython,https://i.redd.it/g9ru82m97s8e1.jpeg
1735824564.0,1hrtpdl,Alligator nicknamed 'Godzilla' hauls massive Burmese python through water in Florida Everglades,https://i.redd.it/ul09p01m1lae1.jpeg
1694191134.0,16dfe93,Robert Irwin rescues a carpet python from a vending machine ,https://v.redd.it/85yhogoz72nb1
1708164237.0,1asyl38,javaToPython,https://i.redd.it/8hepred9d4jc1.gif
1702646291.0,18izw15,Python caught in Florida,https://v.redd.it/w49bja94lg6c1
1723151711.0,1enhkaw,Monty Python,https://i.redd.it/sknbuobqaihd1.jpeg
1697658005.0,17azddq,Monty Python‚Äôs Holy Grail returning to theaters for 48 ¬Ω-year anniversary,https://consequence.net/2023/10/monty-python-holy-grail-theaters/?fbclid=IwAR2KJ4tiiGRhNAXyhO8PjzbS_a-VQdAQ1G3nzu_5FntA0jKJBPzHyPCKPYM_aem_AbWQiVJLXeaRN9p77E7bM7tozpU-dorEk_qERi5QLlGRbreAJLQ1jVni9ENJv-ZWFvI
1730278351.0,1gfi16i,of a Reticulated python!,https://v.redd.it/cgobyf0wxuxd1
1722802095.0,1ek4k5i,Son smoked a Python‚Ä¶.,https://i.redd.it/r88h9gz4fpgd1.jpeg
1730143129.0,1gealp1,Burmese python swallowing full sized deer in the Everglades ,https://v.redd.it/54fwqolsrjxd1
1733163683.0,1h51q8j,12ft Alligator with a 18ft+ invasive python ,https://v.redd.it/8dep4q8f9h4e1
1696674707.0,17236tw,Helping a Boelen's Python shed its skin,https://v.redd.it/mdt66n20drsb1
1731528819.0,1gqmba8,averagePythonProgrammer,https://i.redd.it/aplm5wa58q0e1.png
1671812796.0,ztlduy,"Python programmers be like: ""Yeah that makes sense"" ü§î",https://i.redd.it/c5r01v03co7a1.jpg
1670526949.0,zg8eks,Monty Python and the Curse of the Nat 1.,https://i.redd.it/sm5w0tg9mr4a1.jpg
1669420365.0,z4s7f2,"‚ÄúPython‚Äù, ‚ÄúJava‚Äù, ‚ÄúCarbon‚Äù, ‚ÄúRust‚Äù",https://i.redd.it/tqw70yuu782a1.jpg
1689518734.0,15182wp,Capturing a python,https://v.redd.it/hd5o78xjaccb1
1705938935.0,19cys65,iDontTrustPython,https://i.redd.it/k4wxcaabk0ec1.jpeg
1714088450.0,1cd6glb,sneakyPython,https://i.redd.it/yjnh6900ppwc1.jpeg
1658068687.0,w18uog,Linux users installing a Python module,https://v.redd.it/fdcbuoh835c91
1658135273.0,w1upl0,C++ talking to Python,https://i.redd.it/40t7alhvlac91.png
1705165167.0,195shsk,of a Indian Rock Python,https://v.redd.it/8st5zm0dn8cc1
1736045760.0,1htvuk8,Is this normal??? New ball python just finished eating and now doing this‚Ä¶ü§î ,https://v.redd.it/qjyj41j4b3be1
1711570474.0,1bpbr6e,pythonTutorials,https://i.redd.it/507zu3prpxqc1.png
1733167446.0,1h53a03,I made a brainrot version of Python,https://i.redd.it/9lgqeekmkh4e1.png
1722593656.0,1ei6f8h,iHateEnergyFootprintSoICanUsePythonRight,https://i.redd.it/pfanb8jc78gd1.jpeg
1696919070.0,174eboy,rookieMistakeInPython,https://i.redd.it/uxyhnvcmjbtb1.jpg
1685611737.0,13xcy1j,i use chatgpt to learn python,https://www.reddit.com/r/ChatGPT/comments/13xcy1j/i_use_chatgpt_to_learn_python/
1719850246.0,1dswv7f,My ball python just drowned?,https://v.redd.it/cr13pykrlx9d1
1708255964.0,1ats3z3,Pentious is finally reunited with his lover (comic made by dumbPython),https://www.reddit.com/gallery/1ats3z3
1712070611.0,1bu14pi,Be careful with default args in Python,https://www.reddit.com/gallery/1bu14pi
1723398936.0,1epr0cp,pythonAtHomeBeLike,https://i.redd.it/mftd6gbup2id1.png
1684648752.0,13nkj3w,Python trap using live chicken as bait.,https://v.redd.it/lcnnsfuzj41b1
1643017049.0,sbie7k,Python and PHP users will understand,https://i.redd.it/lpnq7lnmvld81.jpg
1706727397.0,1afphax,"Python Mk2, coming this year, the first of four new ships coming",https://i.redd.it/6bcngfhpotfc1.png
1669090601.0,z1k2sz,üî• A new born python still in its shell,https://i.redd.it/0yzjvpnrhf1a1.jpg
1630682280.0,ph7876,"His python, his choice",https://v.redd.it/igz7sl5c1bl71
1705788213.0,19bn7oz,Kinect laser + some Python to bridge it together,https://v.redd.it/3rxw4bz34odc1
1645294464.0,swg786,üî• This Iridescent Reticulated Python,https://v.redd.it/12hl81kkzti81
1634271535.0,q8ghzy,A giant python was found in Indonesia,https://gfycat.com/impassionedpositivegaur
1647012062.0,tbsedh,Why is MicroPython a thing,https://i.redd.it/yj4c5dzxurm81.jpg
1663493742.0,xhca7l,Cane toads riding a python to escape rising flood waters in Australia,https://i.redd.it/gw9ij80c7lo91.jpg
1627896669.0,owb3ha,Honey badger escapes a Python's death squeeze and then kills it. Honey badger then fights off two Jackals trying to kill him and steal his now meal Python.,https://v.redd.it/crcc30hvywe71
1622282584.0,nnk9nt,Still waiting for Python 3.10,https://i.redd.it/38nkurgh91271.png
1735875461.0,1hsd5e2,Just a Python climbing a tree.,https://v.redd.it/u6naxexw8pae1
1733549201.0,1h8ljhc,Python is a godsend for work,https://www.reddit.com/r/learnpython/comments/1h8ljhc/python_is_a_godsend_for_work/
1707646461.0,1ao4tzt,Appearance of a python‚Äôs teeth,https://v.redd.it/sdb2kufhlxhc1
1634270909.0,q8gbvf,A giant python was found in Indonesia,https://v.redd.it/q8pv8j5vgjt71
1687387943.0,14fm4eh,Medieval Monty Python,https://i.redd.it/ix1kvk0nag7b1.jpg
1724253302.0,1exs7mr,Just brought home a new ball python.. Is this normal/fine?,https://i.redd.it/w5m1gjmba1kd1.png
1570727826.0,dg17ly,Monty Python predicted modern vegans,https://i.imgur.com/RQZmybq.jpg
1722747114.0,1ejn6q6,I think I made a bad purchase (8ball python) ,https://i.redd.it/6k2n8pmnvkgd1.jpeg
1673959726.0,10ebgvi,"Python ""programmers"" when I show them how much faster their naive code runs when translated to C++ (this is a joke, I love python)",https://i.redd.it/r3rzzl6gnlca1.gif
1609341530.0,kn41qn,Learn Python with Fantasy Football Giveaway!,https://www.reddit.com/r/fantasyfootball/comments/kn41qn/learn_python_with_fantasy_football_giveaway/
1674917615.0,10ngvmm,"TIL Monty Python reunited for Monty Python Live (Mostly) (2014) because they suddenly owed ¬£800,000 pounds to Mark Forstater over Spamalot royalties. The ten shows were their first live ensemble performances in 34 years.",https://en.wikipedia.org/wiki/Monty_Python_Live_(Mostly)
1670514156.0,zg2i87,Learn Python with the NBA Giveaway!,https://www.reddit.com/r/nba/comments/zg2i87/learn_python_with_the_nba_giveaway/
1670951337.0,zl0v4y,Why does Python have a PEGI age rating?,https://i.redd.it/33dpaa18oq5a1.png
1579697135.0,esbehh,Monty Python star Terry Jones dies aged 77,https://www.bbc.co.uk/news/entertainment-arts-51209197
1652552828.0,upn9ai,For loop vs while loop in Python.,https://i.redd.it/jmzmgnehihz81.jpg
1708364591.0,1autdg6,pythonNotFast,https://i.redd.it/0ot19l41xkjc1.jpeg
1725499699.0,1f9afjx,Size of this python....,https://v.redd.it/kefyfs0i8wmd1
1612491150.0,lcwuuu,Found a Monty Python reference in The Witcher III,https://i.redd.it/1r55ujhjikf61.jpg
1677194618.0,11ac349,Dropping a python,https://v.redd.it/7902wyi4v0ka1
1595678938.0,hxlos9,üî• Reticulated python climbing a coconut tree,https://v.redd.it/13q98oe3vzc51
1632360769.0,ptkoiq,Python the best,https://i.redd.it/ncvz44i3p5p71.png
1723550303.0,1er5zjg,Florida Python Challenge accounts for 743 Burmese pythons removed since 2020,https://winknews.com/2024/08/07/florida-python-challenge-burmese-removed-everglades/
1591798032.0,h0bpb1,Python trap using live chicken,https://v.redd.it/p91t8a0ab3451
1674663129.0,10l2bje,The massive head of Yellow-headed albino reticulated python,https://i.redd.it/jnb6twbpr7ea1.jpg
1729295396.0,1g6w4n8,the R vs Python debate is exhausting,https://www.reddit.com/r/datascience/comments/1g6w4n8/the_r_vs_python_debate_is_exhausting/
1731768554.0,1gsot99,pythonIsAwesomeBut,https://i.redd.it/nn4m5er01a1e1.png
1598433672.0,igvny1,Python goes brrrr,https://i.redd.it/97p4ob5aebj51.png
1653149306.0,uuq8ee,This really happened to me. My senior barely knows Python.,https://i.redd.it/7banmku3su091.jpg
1667660518.0,ymwgd2,Python is very intuitive.... not,https://i.redd.it/xxnwp9twu6y91.png
1680226317.0,1275xco,Python ambushes a herd of Deer in India.,https://gfycat.com/thoroughfalseauk
1596045556.0,i059p5,switching from python to almost any other programing language,https://i.redd.it/ttsja5oc5ud51.jpg
1735908998.0,1hslvfw,For those that use Python in their job: Do you like Python?,https://www.reddit.com/r/Python/comments/1hslvfw/for_those_that_use_python_in_their_job_do_you/
1729459871.0,1g89n8j,Who knew that Monty Python was historically accurate?,https://i.redd.it/n88ue2q4czvd1.jpeg
1710278412.0,1bd8y01,spotThePythonPurist,https://i.redd.it/7z9aj5yszync1.jpeg
1696344120.0,16ytqqo,My finished ball python embroidery!,https://i.redd.it/drhkme0020sb1.jpg
1716823738.0,1d1u5qc,Even the python fears this kid. ,https://v.redd.it/0i3ym6vemz2d1
1700036076.0,17vp0f2,myPythonTest,https://i.redd.it/2ta2xxv10h0c1.png
1721882685.0,1ebma2x,Monty Python Secret Lair Bonus Cards,https://i.redd.it/rfqt3ng9hled1.jpeg
1671716150.0,zsm8g9,I (proudly present myself as a ML Engineer) just found a bug in python. Look how stupid python is!!,https://i.redd.it/vwhsggzmcg7a1.jpg
1582865475.0,fapdqj,Removing a beach towel out of a python snake,https://v.redd.it/0mgc4y75ilj41
1623129042.0,nuwz8r,"JavaScript, Python, C#...",https://i.redd.it/4x0a40o96z371.jpg
1625383297.0,odfgfi,C++ user vs Python user,https://v.redd.it/pry5kd8id5971
1653221868.0,uv9tb0,"No sympathy for invasive species, American alligator with its brumese python kill",https://i.redd.it/xetcfquvr0191.jpg
1660868409.0,wrzcwq,Cobra bites python. Python constricts cobra to death. Python dies from cobra venom. Both snakes lose.,https://i.redd.it/efcjzsxycki91.jpg
